{
  "snapshot": "hoyo_v1_1/joint_training_results/20260109_optuna_trial1_full/latent_snapshot_final.npz",
  "sample_count": 62,
  "class_count": 11,
  "margin_assumed": 0.05,
  "split_filter": "test",
  "metrics": {
    "centroid_top1_accuracy": 0.7258064516129032,
    "sample_headroom_mean": 0.03934640172989138,
    "sample_headroom_q10": -0.06564018130302429,
    "sample_headroom_q25": -0.0041197240352630615,
    "penalty_trigger_rate": 0.5161290322580645,
    "penalty_mean": 0.03462467799263616,
    "centroid_pairwise_offdiag_mean": 0.572179037603465,
    "centroid_pairwise_offdiag_min": -0.0974302887916565,
    "centroid_pairwise_offdiag_max": 0.9536879658699036,
    "label_margin_safe_count": 0,
    "label_margin_unsafe_count": 11
  },
  "suggested_margin_max_q10_headroom": 0.0,
  "verdict": "risky",
  "per_label": [
    {
      "label_id": 0,
      "label": "通常",
      "count": 7,
      "self_sim_mean": 0.8695155297006879,
      "self_sim_q25": 0.8585299253463745,
      "neg_sim_mean": 0.8140101943697248,
      "headroom_mean": 0.055505335330963135,
      "headroom_q10": -0.07150177657604218,
      "nearest_other_centroid_sim": 0.877446174621582,
      "label_headroom_q25_minus_nearest": -0.01891624927520752,
      "margin_safe": false
    },
    {
      "label_id": 1,
      "label": "すたすた",
      "count": 6,
      "self_sim_mean": 0.9369198779265085,
      "self_sim_q25": 0.933646559715271,
      "neg_sim_mean": 0.8935290972391764,
      "headroom_mean": 0.04339078068733215,
      "headroom_q10": 0.005870431661605835,
      "nearest_other_centroid_sim": 0.9536879658699036,
      "label_headroom_q25_minus_nearest": -0.02004140615463257,
      "margin_safe": false
    },
    {
      "label_id": 2,
      "label": "せかせか",
      "count": 4,
      "self_sim_mean": 0.8901179432868958,
      "self_sim_q25": 0.8671987652778625,
      "neg_sim_mean": 0.8659867495298386,
      "headroom_mean": 0.02413119375705719,
      "headroom_q10": -0.006254041101783514,
      "nearest_other_centroid_sim": 0.9536879658699036,
      "label_headroom_q25_minus_nearest": -0.08648920059204102,
      "margin_safe": false
    },
    {
      "label_id": 3,
      "label": "てくてく",
      "count": 4,
      "self_sim_mean": 0.8587891310453415,
      "self_sim_q25": 0.8449628949165344,
      "neg_sim_mean": 0.7649063169956207,
      "headroom_mean": 0.09388281404972076,
      "headroom_q10": 0.04504375532269478,
      "nearest_other_centroid_sim": 0.846889078617096,
      "label_headroom_q25_minus_nearest": -0.0019261837005615234,
      "margin_safe": false
    },
    {
      "label_id": 4,
      "label": "どっしどっし",
      "count": 7,
      "self_sim_mean": 0.7991989765848432,
      "self_sim_q25": 0.7777454853057861,
      "neg_sim_mean": 0.7319136432238987,
      "headroom_mean": 0.06728533336094447,
      "headroom_q10": -0.12371357530355453,
      "nearest_other_centroid_sim": 0.835657000541687,
      "label_headroom_q25_minus_nearest": -0.05791151523590088,
      "margin_safe": false
    },
    {
      "label_id": 5,
      "label": "とぼとぼ",
      "count": 5,
      "self_sim_mean": 0.8598263263702393,
      "self_sim_q25": 0.8504321575164795,
      "neg_sim_mean": 0.8387745261192322,
      "headroom_mean": 0.02105180025100708,
      "headroom_q10": -0.023707617074251175,
      "nearest_other_centroid_sim": 0.9330059289932251,
      "label_headroom_q25_minus_nearest": -0.0825737714767456,
      "margin_safe": false
    },
    {
      "label_id": 6,
      "label": "のしのし",
      "count": 5,
      "self_sim_mean": 0.7990143775939942,
      "self_sim_q25": 0.7856179475784302,
      "neg_sim_mean": 0.7758896589279175,
      "headroom_mean": 0.02312471866607666,
      "headroom_q10": -0.07203803956508636,
      "nearest_other_centroid_sim": 0.8643275499343872,
      "label_headroom_q25_minus_nearest": -0.07870960235595703,
      "margin_safe": false
    },
    {
      "label_id": 7,
      "label": "のろのろ",
      "count": 7,
      "self_sim_mean": 0.8715616294315883,
      "self_sim_q25": 0.8497806787490845,
      "neg_sim_mean": 0.835062495299748,
      "headroom_mean": 0.0364991341318403,
      "headroom_q10": -0.021635601297020912,
      "nearest_other_centroid_sim": 0.9330059289932251,
      "label_headroom_q25_minus_nearest": -0.08322525024414062,
      "margin_safe": false
    },
    {
      "label_id": 8,
      "label": "ぶらぶら",
      "count": 5,
      "self_sim_mean": 0.8302752614021301,
      "self_sim_q25": 0.7595700025558472,
      "neg_sim_mean": 0.815386426448822,
      "headroom_mean": 0.014888834953308106,
      "headroom_q10": -0.0459824800491333,
      "nearest_other_centroid_sim": 0.9530324935913086,
      "label_headroom_q25_minus_nearest": -0.19346249103546143,
      "margin_safe": false
    },
    {
      "label_id": 9,
      "label": "よたよた",
      "count": 5,
      "self_sim_mean": 0.8634391665458679,
      "self_sim_q25": 0.8403195142745972,
      "neg_sim_mean": 0.8463632345199585,
      "headroom_mean": 0.017075932025909422,
      "headroom_q10": -0.05872470140457153,
      "nearest_other_centroid_sim": 0.9530324935913086,
      "label_headroom_q25_minus_nearest": -0.11271297931671143,
      "margin_safe": false
    },
    {
      "label_id": 10,
      "label": "よろよろ",
      "count": 7,
      "self_sim_mean": 0.8586757268224444,
      "self_sim_q25": 0.8442660570144653,
      "neg_sim_mean": 0.8284841350146702,
      "headroom_mean": 0.030191591807774136,
      "headroom_q10": -0.027958450838923454,
      "nearest_other_centroid_sim": 0.9335444569587708,
      "label_headroom_q25_minus_nearest": -0.08927839994430542,
      "margin_safe": false
    }
  ]
}