{
  "snapshot": "hoyo_v1_1/joint_training_results/20260127_contrastive_vae_fine_lambda_vae_sarashina_fine_lv0.12_temp0.05_lc2.0_lv0.12_s43_f2000_full8000_full/latent_snapshot_final.npz",
  "sample_count": 62,
  "class_count": 11,
  "margin_assumed": 0.05,
  "split_filter": "test",
  "metrics": {
    "centroid_top1_accuracy": 0.6935483870967742,
    "sample_headroom_mean": 0.1508564551270777,
    "sample_headroom_q10": -0.28403252363204956,
    "sample_headroom_q25": -0.07889969646930695,
    "penalty_trigger_rate": 0.3548387096774194,
    "penalty_mean": 0.07795127072641926,
    "centroid_pairwise_offdiag_mean": 0.12117957317016341,
    "centroid_pairwise_offdiag_min": -0.39522433280944824,
    "centroid_pairwise_offdiag_max": 0.8569986820220947,
    "label_margin_safe_count": 6,
    "label_margin_unsafe_count": 5
  },
  "suggested_margin_max_q10_headroom": 0.0,
  "verdict": "risky",
  "per_label": [
    {
      "label_id": 0,
      "label": "通常",
      "count": 7,
      "self_sim_mean": 0.7686176938670022,
      "self_sim_q25": 0.8031732439994812,
      "neg_sim_mean": 0.5439622913088117,
      "headroom_mean": 0.22465540255819047,
      "headroom_q10": 0.03052660822868347,
      "nearest_other_centroid_sim": 0.6835992336273193,
      "label_headroom_q25_minus_nearest": 0.11957401037216187,
      "margin_safe": true
    },
    {
      "label_id": 1,
      "label": "すたすた",
      "count": 6,
      "self_sim_mean": 0.584760844707489,
      "self_sim_q25": 0.4334147572517395,
      "neg_sim_mean": 0.5118350063761076,
      "headroom_mean": 0.07292583833138148,
      "headroom_q10": -0.09873774647712708,
      "nearest_other_centroid_sim": 0.6835992336273193,
      "label_headroom_q25_minus_nearest": -0.25018447637557983,
      "margin_safe": false
    },
    {
      "label_id": 2,
      "label": "せかせか",
      "count": 4,
      "self_sim_mean": 0.713446855545044,
      "self_sim_q25": 0.6767894625663757,
      "neg_sim_mean": 0.4242684245109558,
      "headroom_mean": 0.28917843103408813,
      "headroom_q10": -0.14096125960350037,
      "nearest_other_centroid_sim": 0.5607566833496094,
      "label_headroom_q25_minus_nearest": 0.11603277921676636,
      "margin_safe": true
    },
    {
      "label_id": 3,
      "label": "てくてく",
      "count": 4,
      "self_sim_mean": 0.6584632098674774,
      "self_sim_q25": 0.6011759042739868,
      "neg_sim_mean": 0.46327582001686096,
      "headroom_mean": 0.19518738985061646,
      "headroom_q10": -0.08387374877929688,
      "nearest_other_centroid_sim": 0.487429678440094,
      "label_headroom_q25_minus_nearest": 0.11374622583389282,
      "margin_safe": true
    },
    {
      "label_id": 4,
      "label": "どっしどっし",
      "count": 7,
      "self_sim_mean": 0.6577542126178741,
      "self_sim_q25": 0.46002286672592163,
      "neg_sim_mean": 0.4422645462410791,
      "headroom_mean": 0.21548967276300704,
      "headroom_q10": -0.4704110026359558,
      "nearest_other_centroid_sim": 0.3914221525192261,
      "label_headroom_q25_minus_nearest": 0.06860071420669556,
      "margin_safe": true
    },
    {
      "label_id": 5,
      "label": "とぼとぼ",
      "count": 5,
      "self_sim_mean": 0.5755698800086975,
      "self_sim_q25": 0.42744743824005127,
      "neg_sim_mean": 0.6265152335166931,
      "headroom_mean": -0.0509453535079956,
      "headroom_q10": -0.2591297924518585,
      "nearest_other_centroid_sim": 0.4780457019805908,
      "label_headroom_q25_minus_nearest": -0.05059826374053955,
      "margin_safe": false
    },
    {
      "label_id": 6,
      "label": "のしのし",
      "count": 5,
      "self_sim_mean": 0.6323294520378113,
      "self_sim_q25": 0.5725514888763428,
      "neg_sim_mean": 0.7587663769721985,
      "headroom_mean": -0.1264369249343872,
      "headroom_q10": -0.34479716420173645,
      "nearest_other_centroid_sim": 0.8569986820220947,
      "label_headroom_q25_minus_nearest": -0.28444719314575195,
      "margin_safe": false
    },
    {
      "label_id": 7,
      "label": "のろのろ",
      "count": 7,
      "self_sim_mean": 0.6841587573289871,
      "self_sim_q25": 0.5891548991203308,
      "neg_sim_mean": 0.48685102271182196,
      "headroom_mean": 0.19730773461716516,
      "headroom_q10": -0.004175513982772827,
      "nearest_other_centroid_sim": 0.4780457019805908,
      "label_headroom_q25_minus_nearest": 0.11110919713973999,
      "margin_safe": true
    },
    {
      "label_id": 8,
      "label": "ぶらぶら",
      "count": 5,
      "self_sim_mean": 0.5869081974029541,
      "self_sim_q25": 0.5382502675056458,
      "neg_sim_mean": 0.5459701418876648,
      "headroom_mean": 0.040938055515289305,
      "headroom_q10": -0.16340577602386475,
      "nearest_other_centroid_sim": 0.6937239170074463,
      "label_headroom_q25_minus_nearest": -0.15547364950180054,
      "margin_safe": false
    },
    {
      "label_id": 9,
      "label": "よたよた",
      "count": 5,
      "self_sim_mean": 0.8055312752723693,
      "self_sim_q25": 0.7712860703468323,
      "neg_sim_mean": 0.7128982543945312,
      "headroom_mean": 0.09263302087783813,
      "headroom_q10": -0.010724186897277832,
      "nearest_other_centroid_sim": 0.8569986820220947,
      "label_headroom_q25_minus_nearest": -0.08571261167526245,
      "margin_safe": false
    },
    {
      "label_id": 10,
      "label": "よろよろ",
      "count": 7,
      "self_sim_mean": 0.87140839440482,
      "self_sim_q25": 0.8846157193183899,
      "neg_sim_mean": 0.4806986451148987,
      "headroom_mean": 0.39070974928992136,
      "headroom_q10": 0.327351838350296,
      "nearest_other_centroid_sim": 0.5180017948150635,
      "label_headroom_q25_minus_nearest": 0.3666139245033264,
      "margin_safe": true
    }
  ]
}