{
  "spearman_rho": 0.9272727272727275,
  "p_value": 0.000999000999000999,
  "n_labels": 11,
  "gt_speed_by_label": {
    "通常": 1.0,
    "すたすた": 2.4300404178069104,
    "せかせか": 2.241369101630213,
    "てくてく": 0.7933235002966537,
    "どっしどっし": 0.7829186892596158,
    "とぼとぼ": 0.4790662881678663,
    "のしのし": 0.5728909648634692,
    "のろのろ": 0.5022536963524622,
    "ぶらぶら": 0.6356145317419398,
    "よたよた": 0.5218760528600336,
    "よろよろ": 0.307205228235017
  },
  "pred_speed_by_label": {
    "通常": 0.023744869977235794,
    "すたすた": 0.03633575886487961,
    "せかせか": 0.03064989298582077,
    "てくてく": 0.022491302341222763,
    "どっしどっし": 0.02276981621980667,
    "とぼとぼ": 0.01429179310798645,
    "のしのし": 0.016832085326313972,
    "のろのろ": 0.014480751007795334,
    "ぶらぶら": 0.014325146563351154,
    "よたよた": 0.012836441397666931,
    "よろよろ": 0.012814603745937347
  }
}