{
  "run_name": "20260109_optuna_trial1_full",
  "n_samples": 284,
  "n_dim": 512,
  "primary_metric_name": "sample_rho",
  "speed_target_type": "relative_label_table",
  "regression": {
    "r2": 0.8799430131912231,
    "mae": 0.006337403319776058,
    "spearman_rho": 0.9134917038627216
  },
  "classification": {
    "macro_f1": 0.8591931462686307,
    "balanced_acc": 0.8708557107053347,
    "speed_bin_edges": [
      0.0,
      0.029280828312039375
    ],
    "n_bins": 3
  },
  "label_rank": {
    "spearman_rho": 0.9272727272727275,
    "p_value": 0.000999000999000999,
    "n_labels": 11,
    "gt_speed_by_label": {
      "通常": 1.0,
      "すたすた": 2.4300404178069104,
      "せかせか": 2.241369101630213,
      "てくてく": 0.7933235002966537,
      "どっしどっし": 0.7829186892596158,
      "とぼとぼ": 0.4790662881678663,
      "のしのし": 0.5728909648634692,
      "のろのろ": 0.5022536963524622,
      "ぶらぶら": 0.6356145317419398,
      "よたよた": 0.5218760528600336,
      "よろよろ": 0.307205228235017
    },
    "pred_speed_by_label": {
      "通常": 0.023744869977235794,
      "すたすた": 0.03633575886487961,
      "せかせか": 0.03064989298582077,
      "てくてく": 0.022491302341222763,
      "どっしどっし": 0.02276981621980667,
      "とぼとぼ": 0.01429179310798645,
      "のしのし": 0.016832085326313972,
      "のろのろ": 0.014480751007795334,
      "ぶらぶら": 0.014325146563351154,
      "よたよた": 0.012836441397666931,
      "よろよろ": 0.012814603745937347
    }
  },
  "semantic_classification": {
    "macro_f1": 0.8803688918459377,
    "balanced_acc": 0.9066375968992247,
    "class_counts": {
      "slow": 32,
      "mid": 172,
      "fast": 80
    },
    "label_to_class": {
      "通常": 2,
      "すたすた": 2,
      "せかせか": 2,
      "てくてく": 1,
      "どっしどっし": 1,
      "とぼとぼ": 1,
      "のしのし": 1,
      "のろのろ": 1,
      "ぶらぶら": 1,
      "よたよた": 1,
      "よろよろ": 0
    },
    "class_name_map": {
      "0": "slow",
      "1": "mid",
      "2": "fast"
    },
    "thresholds": {
      "fast_min": 0.8,
      "mid_min": 0.4,
      "mid_max": 0.6,
      "slow_max": 0.35
    }
  },
  "knn": {
    "knn_speed_absdiff_mean": 0.01422890946006691,
    "global_speed_absdiff_mean": 0.024567116051912308,
    "knn_vs_global_ratio": 0.5791851770472395
  },
  "permutation_p": {
    "spearman_rho_p": 0.000999000999000999,
    "macro_f1_p": 0.000999000999000999,
    "label_rank_rho_p": 0.000999000999000999,
    "semantic_macro_f1_p": 0.000999000999000999
  },
  "thresholds": {
    "rho": 0.35,
    "macro_f1": 0.5,
    "p": 0.05
  },
  "pass_speed_reflection": true
}