{
    "path_length": 10.918936770467553,
    "distance_to_goal": 4.495004534958476,
    "success": 0.0,
    "spl": 0.0,
    "oracle_navigation_error": 4.458714653541873,
    "oracle_success": 0.0
}