{
  "通常": 1.0,
  "すたすた": 2.4300404178069104,
  "せかせか": 2.241369101630213,
  "てくてく": 0.7933235002966537,
  "どっしどっし": 0.7829186892596158,
  "とぼとぼ": 0.4790662881678663,
  "のしのし": 0.5728909648634692,
  "のろのろ": 0.5022536963524622,
  "ぶらぶら": 0.6356145317419398,
  "よたよた": 0.5218760528600336,
  "よろよろ": 0.307205228235017
}