{
  "通常": 0.01859796792268753,
  "すたすた": 0.04519381374120712,
  "せかせか": 0.04168491065502167,
  "てくてく": 0.014754205010831356,
  "どっしどっし": 0.014560696668922901,
  "とぼとぼ": 0.008909659460186958,
  "のしのし": 0.01065460778772831,
  "のろのろ": 0.009340898133814335,
  "ぶらぶら": 0.011821138672530651,
  "よたよた": 0.009705834090709686,
  "よろよろ": 0.005713392980396748
}