{
  "run_name": "20260127_contrastive_vae_fine_lambda_vae_sarashina_fine_lv0.12_temp0.05_lc2.0_lv0.12_s43_f2000_full8000_full",
  "n_samples": 284,
  "n_dim": 512,
  "primary_metric_name": "sample_rho",
  "speed_target_type": "relative_label_table",
  "regression": {
    "r2": 0.8348937630653381,
    "mae": 0.007197893224656582,
    "spearman_rho": 0.9072223762722003
  },
  "classification": {
    "macro_f1": 0.8438914314214075,
    "balanced_acc": 0.8537414965986395,
    "speed_bin_edges": [
      0.0,
      0.029280828312039375
    ],
    "n_bins": 3
  },
  "label_rank": {
    "spearman_rho": 0.9272727272727275,
    "p_value": 0.000999000999000999,
    "n_labels": 11,
    "gt_speed_by_label": {
      "通常": 1.0,
      "すたすた": 2.4300404178069104,
      "せかせか": 2.241369101630213,
      "てくてく": 0.7933235002966537,
      "どっしどっし": 0.7829186892596158,
      "とぼとぼ": 0.4790662881678663,
      "のしのし": 0.5728909648634692,
      "のろのろ": 0.5022536963524622,
      "ぶらぶら": 0.6356145317419398,
      "よたよた": 0.5218760528600336,
      "よろよろ": 0.307205228235017
    },
    "pred_speed_by_label": {
      "通常": 0.02395007573068142,
      "すたすた": 0.03604055568575859,
      "せかせか": 0.03043823316693306,
      "てくてく": 0.02259485051035881,
      "どっしどっし": 0.02275078371167183,
      "とぼとぼ": 0.014028395526111126,
      "のしのし": 0.01721763052046299,
      "のろのろ": 0.014460180886089802,
      "ぶらぶら": 0.01502477377653122,
      "よたよた": 0.01186257041990757,
      "よろよろ": 0.01308206096291542
    }
  },
  "semantic_classification": {
    "macro_f1": 0.9338447060883267,
    "balanced_acc": 0.9450581395348836,
    "class_counts": {
      "slow": 32,
      "mid": 172,
      "fast": 80
    },
    "label_to_class": {
      "通常": 2,
      "すたすた": 2,
      "せかせか": 2,
      "てくてく": 1,
      "どっしどっし": 1,
      "とぼとぼ": 1,
      "のしのし": 1,
      "のろのろ": 1,
      "ぶらぶら": 1,
      "よたよた": 1,
      "よろよろ": 0
    },
    "class_name_map": {
      "0": "slow",
      "1": "mid",
      "2": "fast"
    },
    "thresholds": {
      "fast_min": 0.8,
      "mid_min": 0.4,
      "mid_max": 0.6,
      "slow_max": 0.35
    }
  },
  "knn": {
    "knn_speed_absdiff_mean": 0.015662546836095532,
    "global_speed_absdiff_mean": 0.024567116051912308,
    "knn_vs_global_ratio": 0.6375411262355459
  },
  "permutation_p": {
    "spearman_rho_p": 0.000999000999000999,
    "macro_f1_p": 0.000999000999000999,
    "label_rank_rho_p": 0.000999000999000999,
    "semantic_macro_f1_p": 0.000999000999000999
  },
  "thresholds": {
    "rho": 0.35,
    "macro_f1": 0.5,
    "p": 0.05
  },
  "pass_speed_reflection": true
}