{"mean": [0.0011131851933896542, -0.004468020051717758], "std": [0.10312479734420776, 0.29077377915382385]}