metric,count,mean,std,median,min,max,last_mean
Episode_Reward/flat_orientation_l2,1631,-0.096667,0.034409,-0.097202,-0.204039,-0.022713,-0.064468
Episode_Reward/heading_tracking,1631,0.034281,0.013314,0.031795,0.011202,0.074501,0.024859
Metrics/base_velocity/error_vel_yaw,1631,0.000019,0.000006,0.000019,0.000007,0.000034,0.000010
